IMAGE,NOISE_FUNCTION,NOISE_PARAMS,DENOISING_FUNCTION,DENOISING_PARAMS,RMSE,PSNR,SSIM,Obs
oclusion.bmp,add_gaussian_noise,{'sigma': 5},,,,,,
oclusion.bmp,add_gaussian_noise,{'sigma': 5},mean_filter,{'filter_size':3},,,,
oclusion.bmp,add_gaussian_noise,{'sigma': 5},mean_filter,{'filter_size':5},,,,
oclusion.bmp,add_gaussian_noise,{'sigma': 5},median_filter,{'filter_size':3},,,,
oclusion.bmp,add_gaussian_noise,{'sigma': 5},median_filter,{'filter_size':5},,,,
oclusion.bmp,add_gaussian_noise,{'sigma': 5},anisotropic_diffusion,"{'step_size':0.1, 'num_iters':20, 'kappa':1, 'option':'Leclerc'}",,,,
oclusion.bmp,add_gaussian_noise,{'sigma': 5},anisotropic_diffusion,"{'step_size':0.1, 'num_iters':20, 'kappa':10, 'option':'Leclerc'}",,,,
oclusion.bmp,add_gaussian_noise,{'sigma': 20},,,,,,
oclusion.bmp,add_gaussian_noise,{'sigma': 20},mean_filter,{'filter_size':3},,,,
oclusion.bmp,add_gaussian_noise,{'sigma': 20},mean_filter,{'filter_size':5},,,,
oclusion.bmp,add_gaussian_noise,{'sigma': 20},median_filter,{'filter_size':3},,,,
oclusion.bmp,add_gaussian_noise,{'sigma': 20},median_filter,{'filter_size':5},,,,
oclusion.bmp,add_gaussian_noise,{'sigma': 20},anisotropic_diffusion,"{'step_size':0.1, 'num_iters':20, 'kappa':1, 'option':'Leclerc'}",,,,
oclusion.bmp,add_gaussian_noise,{'sigma': 20},anisotropic_diffusion,"{'step_size':0.1, 'num_iters':20, 'kappa':10, 'option':'Leclerc'}",,,,
peppers.png,add_gaussian_noise,{'sigma': 20},,,,,,
peppers.png,add_gaussian_noise,{'sigma': 20},mean_filter,{'filter_size':3},,,,
peppers.png,add_gaussian_noise,{'sigma': 20},mean_filter,{'filter_size':5},,,,
peppers.png,add_gaussian_noise,{'sigma': 20},median_filter,{'filter_size':3},,,,
peppers.png,add_gaussian_noise,{'sigma': 20},median_filter,{'filter_size':5},,,,
peppers.png,add_gaussian_noise,{'sigma': 20},anisotropic_diffusion,"{'step_size':0.1, 'num_iters':20, 'kappa':1, 'option':'Leclerc'}",,,,
peppers.png,add_gaussian_noise,{'sigma': 20},anisotropic_diffusion,"{'step_size':0.1, 'num_iters':20, 'kappa':10, 'option':'Leclerc'}",,,,
oclusion.bmp,add_saltpepper_noise,{'p': 0.05},,,,,,
oclusion.bmp,add_saltpepper_noise,{'p': 0.05},mean_filter,{'filter_size':3},,,,
oclusion.bmp,add_saltpepper_noise,{'p': 0.05},mean_filter,{'filter_size':5},,,,
oclusion.bmp,add_saltpepper_noise,{'p': 0.05},median_filter,{'filter_size':3},,,,
oclusion.bmp,add_saltpepper_noise,{'p': 0.05},median_filter,{'filter_size':5},,,,
oclusion.bmp,add_saltpepper_noise,{'p': 0.05},anisotropic_diffusion,"{'step_size':0.1, 'num_iters':20, 'kappa':1, 'option':'Leclerc'}",,,,
oclusion.bmp,add_saltpepper_noise,{'p': 0.05},anisotropic_diffusion,"{'step_size':0.1, 'num_iters':20, 'kappa':10, 'option':'Leclerc'}",,,,
oclusion.bmp,add_saltpepper_noise,{'p': 0.3},,,,,,
oclusion.bmp,add_saltpepper_noise,{'p': 0.3},mean_filter,{'filter_size':3},,,,
oclusion.bmp,add_saltpepper_noise,{'p': 0.3},mean_filter,{'filter_size':5},,,,
oclusion.bmp,add_saltpepper_noise,{'p': 0.3},median_filter,{'filter_size':3},,,,
oclusion.bmp,add_saltpepper_noise,{'p': 0.3},median_filter,{'filter_size':5},,,,
oclusion.bmp,add_saltpepper_noise,{'p': 0.3},anisotropic_diffusion,"{'step_size':0.1, 'num_iters':20, 'kappa':1, 'option':'Leclerc'}",,,,
oclusion.bmp,add_saltpepper_noise,{'p': 0.3},anisotropic_diffusion,"{'step_size':0.1, 'num_iters':20, 'kappa':10, 'option':'Leclerc'}",,,,
peppers.png,add_saltpepper_noise,{'p': 0.3},,,,,,
peppers.png,add_saltpepper_noise,{'p': 0.3},mean_filter,{'filter_size':3},,,,
peppers.png,add_saltpepper_noise,{'p': 0.3},mean_filter,{'filter_size':5},,,,
peppers.png,add_saltpepper_noise,{'p': 0.3},median_filter,{'filter_size':3},,,,
peppers.png,add_saltpepper_noise,{'p': 0.3},median_filter,{'filter_size':5},,,,
peppers.png,add_saltpepper_noise,{'p': 0.3},anisotropic_diffusion,"{'step_size':0.1, 'num_iters':20, 'kappa':1, 'option':'Leclerc'}",,,,
peppers.png,add_saltpepper_noise,{'p': 0.3},anisotropic_diffusion,"{'step_size':0.1, 'num_iters':20, 'kappa':10, 'option':'Leclerc'}",,,,
