IMAGE,NOISE_FUNCTION,NOISE_PARAMS,DENOISING_FUNCTION,DENOISING_PARAMS,RMSE,PSNR,SSIM,Obs
oclusion.bmp,add_gaussian_noise,{'sigma': 20},mean_filter,{'filter_size':5},7.144072220458988,31.05188688371129,0.8248572842801027,
oclusion.bmp,add_gaussian_noise,{'sigma': 20},anisotropic_diffusion,"{'step_size':0.1, 'num_iters':20, 'kappa':1, 'option':'Leclerc'}",20.03669814451455,22.094280498072106,0.180204357834903,
oclusion.bmp,add_gaussian_noise,{'sigma': 5},anisotropic_diffusion,"{'step_size':0.1, 'num_iters':20, 'kappa':10, 'option':'Leclerc'}",0.8032673387550349,50.03360143477471,0.994230195696056,
oclusion.bmp,add_gaussian_noise,{'sigma': 5},anisotropic_diffusion,"{'step_size':0.1, 'num_iters':20, 'kappa':1, 'option':'Leclerc'}",4.984566803533976,34.17825519227408,0.7241957714681331,
oclusion.bmp,add_saltpepper_noise,{'p': 0.05},median_filter,{'filter_size':3},2.391071751556977,40.55895143527442,0.9975864900949578,
oclusion.bmp,add_saltpepper_noise,{'p': 0.05},anisotropic_diffusion,"{'step_size':0.1, 'num_iters':20, 'kappa':1, 'option':'Leclerc'}",38.16442653517525,16.49762878892398,0.3046098256765407,
oclusion.bmp,add_saltpepper_noise,{'p': 0.3},median_filter,{'filter_size':5},5.885373311741124,32.7353232979288,0.982677318287018,
oclusion.bmp,add_saltpepper_noise,{'p': 0.3},anisotropic_diffusion,"{'step_size':0.1, 'num_iters':20, 'kappa':1, 'option':'Leclerc'}",93.2251999836273,8.740137135307965,0.0248222358967088,
peppers.png,add_gaussian_noise,{'sigma': 20},mean_filter,{'filter_size':5},11.87362946144395,26.63913377189118,0.7341044556682809,
peppers.png,add_gaussian_noise,{'sigma': 20},anisotropic_diffusion,"{'step_size':0.1, 'num_iters':20, 'kappa':1, 'option':'Leclerc'}",19.99662619386753,22.111669044384374,0.3830909828050206,
peppers.png,add_saltpepper_noise,{'p': 0.3},median_filter,{'filter_size':5},12.065740120513192,26.49972426920158,0.7764111783255202,
peppers.png,add_saltpepper_noise,{'p': 0.3},anisotropic_diffusion,"{'step_size':0.1, 'num_iters':20, 'kappa':10, 'option':'Leclerc'}",77.18744237118767,10.379870594841844,0.0582301147345415,
