IMAGE,NOISE_FUNCTION,NOISE_PARAMS,DENOISING_FUNCTION,DENOISING_PARAMS,RMSE,PSNR,SSIM,Obs
oclusion.bmp,add_gaussian_noise,{'sigma': 5},,,5.009568398940124,34.13479739485921,0.7221462436283441,
oclusion.bmp,add_gaussian_noise,{'sigma': 5},mean_filter,{'filter_size':3},4.792342119224144,34.51984732427776,0.9450694419784883,
oclusion.bmp,add_gaussian_noise,{'sigma': 5},mean_filter,{'filter_size':5},6.011626656246004,32.55096357878783,0.9559283833178892,
oclusion.bmp,add_gaussian_noise,{'sigma': 5},median_filter,{'filter_size':3},2.3168546797304503,40.832827721575455,0.9430948966429413,
oclusion.bmp,add_gaussian_noise,{'sigma': 5},median_filter,{'filter_size':5},1.9605090395872888,42.2834266266424,0.9795667657835061,
oclusion.bmp,add_gaussian_noise,{'sigma': 5},anisotropic_diffusion,"{'step_size':0.1, 'num_iters':20, 'kappa':1, 'option':'Leclerc'}",4.984566803533976,34.17825519227408,0.7241957714681331,
oclusion.bmp,add_gaussian_noise,{'sigma': 5},anisotropic_diffusion,"{'step_size':0.1, 'num_iters':20, 'kappa':10, 'option':'Leclerc'}",0.8032673387550349,50.03360143477471,0.994230195696056,
oclusion.bmp,add_gaussian_noise,{'sigma': 20},,,20.038273595760497,22.093597568299966,0.18018315149031092,
oclusion.bmp,add_gaussian_noise,{'sigma': 20},mean_filter,{'filter_size':3},8.052807042301032,30.0118577516732,0.6259887770320003,
oclusion.bmp,add_gaussian_noise,{'sigma': 20},mean_filter,{'filter_size':5},7.144072220458988,31.05188688371129,0.8248572842801027,
oclusion.bmp,add_gaussian_noise,{'sigma': 20},median_filter,{'filter_size':3},8.510848606262924,29.53134630441837,0.5396734760470896,
oclusion.bmp,add_gaussian_noise,{'sigma': 20},median_filter,{'filter_size':5},5.918157804599779,32.687072784369356,0.7756904373073522,
oclusion.bmp,add_gaussian_noise,{'sigma': 20},anisotropic_diffusion,"{'step_size':0.1, 'num_iters':20, 'kappa':1, 'option':'Leclerc'}",20.03669814451455,22.094280498072102,0.18020435783490302,
oclusion.bmp,add_gaussian_noise,{'sigma': 20},anisotropic_diffusion,"{'step_size':0.1, 'num_iters':20, 'kappa':10, 'option':'Leclerc'}",18.463514339422925,22.80451624806006,0.20292897557021566,
peppers.png,add_gaussian_noise,{'sigma': 20},,,19.997884638411293,22.11112243385214,0.3830719356435842,
peppers.png,add_gaussian_noise,{'sigma': 20},mean_filter,{'filter_size':3},10.79875039601283,27.463333549893242,0.6691402527847514,
peppers.png,add_gaussian_noise,{'sigma': 20},mean_filter,{'filter_size':5},11.87362946144395,26.63913377189118,0.7341044556682809,
peppers.png,add_gaussian_noise,{'sigma': 20},median_filter,{'filter_size':3},10.363833219750697,27.82039529917828,0.6149168248901087,
peppers.png,add_gaussian_noise,{'sigma': 20},median_filter,{'filter_size':5},9.357041072335461,28.708032892714634,0.7162072656521956,
peppers.png,add_gaussian_noise,{'sigma': 20},anisotropic_diffusion,"{'step_size':0.1, 'num_iters':20, 'kappa':1, 'option':'Leclerc'}",19.996626193867534,22.111669044384378,0.38309098280502063,
peppers.png,add_gaussian_noise,{'sigma': 20},anisotropic_diffusion,"{'step_size':0.1, 'num_iters':20, 'kappa':10, 'option':'Leclerc'}",18.71613575576556,22.68647987574788,0.4039477324626744,
oclusion.bmp,add_saltpepper_noise,{'p': 0.05},,,38.16442653517525,16.49762878892398,0.3046098256765407,
oclusion.bmp,add_saltpepper_noise,{'p': 0.05},mean_filter,{'filter_size':3},14.65605412495777,24.81046240506511,0.43773089815074445,
oclusion.bmp,add_saltpepper_noise,{'p': 0.05},mean_filter,{'filter_size':5},11.354454397206307,27.027478200797,0.6404138385787902,
oclusion.bmp,add_saltpepper_noise,{'p': 0.05},median_filter,{'filter_size':3},2.391071751556977,40.55895143527442,0.9975864900949578,
oclusion.bmp,add_saltpepper_noise,{'p': 0.05},median_filter,{'filter_size':5},2.693055554156549,39.52589736024257,0.9967179188014954,
oclusion.bmp,add_saltpepper_noise,{'p': 0.05},anisotropic_diffusion,"{'step_size':0.1, 'num_iters':20, 'kappa':1, 'option':'Leclerc'}",38.16442653517525,16.49762878892398,0.3046098256765407,
oclusion.bmp,add_saltpepper_noise,{'p': 0.05},anisotropic_diffusion,"{'step_size':0.1, 'num_iters':20, 'kappa':10, 'option':'Leclerc'}",38.16442653517525,16.49762878892398,0.3046098256765407,
oclusion.bmp,add_saltpepper_noise,{'p': 0.3},,,93.2251999836273,8.740137135307965,0.02482223589670889,
oclusion.bmp,add_saltpepper_noise,{'p': 0.3},mean_filter,{'filter_size':3},44.950905433523964,15.076034728084872,0.11603829318319302,
oclusion.bmp,add_saltpepper_noise,{'p': 0.3},mean_filter,{'filter_size':5},38.69893297290175,16.376823796863853,0.2698792894476103,
oclusion.bmp,add_saltpepper_noise,{'p': 0.3},median_filter,{'filter_size':3},19.726716815609286,22.229707405422886,0.8251914974476806,
oclusion.bmp,add_saltpepper_noise,{'p': 0.3},median_filter,{'filter_size':5},5.885373311741124,32.7353232979288,0.9826773182870179,
oclusion.bmp,add_saltpepper_noise,{'p': 0.3},anisotropic_diffusion,"{'step_size':0.1, 'num_iters':20, 'kappa':1, 'option':'Leclerc'}",93.2251999836273,8.740137135307965,0.02482223589670889,
oclusion.bmp,add_saltpepper_noise,{'p': 0.3},anisotropic_diffusion,"{'step_size':0.1, 'num_iters':20, 'kappa':10, 'option':'Leclerc'}",93.2251999836273,8.740137135307965,0.02482223589670889,
peppers.png,add_saltpepper_noise,{'p': 0.3},,,77.12142995426704,10.387302139048618,0.06330390806662978,
peppers.png,add_saltpepper_noise,{'p': 0.3},mean_filter,{'filter_size':3},32.26050932458455,17.957379214879737,0.22971992159713164,
peppers.png,add_saltpepper_noise,{'p': 0.3},mean_filter,{'filter_size':5},26.428634723113202,19.689309038843298,0.3748131316908451,
peppers.png,add_saltpepper_noise,{'p': 0.3},median_filter,{'filter_size':3},18.94066409629534,22.58289956591448,0.6512489129500821,
peppers.png,add_saltpepper_noise,{'p': 0.3},median_filter,{'filter_size':5},12.065740120513192,26.49972426920158,0.7764111783255202,
peppers.png,add_saltpepper_noise,{'p': 0.3},anisotropic_diffusion,"{'step_size':0.1, 'num_iters':20, 'kappa':1, 'option':'Leclerc'}",77.12149364541688,10.387294965762667,0.06329834774828369,
peppers.png,add_saltpepper_noise,{'p': 0.3},anisotropic_diffusion,"{'step_size':0.1, 'num_iters':20, 'kappa':10, 'option':'Leclerc'}",77.18744237118767,10.379870594841844,0.058230114734541524,
